Workbook

Sheet Sheet1
A1: Sale ID | B1: Date | C1: Product ID | D1: Region | E1: Qty Sold | F1: Product Name | G1: Category | H1: Brand | I1: Total Price
A2: S001 | B2: 45296 | C2: P001 | D2: Dhaka | E2: 4 | F2: =_xlfn.XLOOKUP(C2,Sheet2!$A$2:$A$11,Sheet2!$B$2:$B$11) -> Laptop Pro | G2: =_xlfn.XLOOKUP(C2,Sheet2!$A$2:$A$11,Sheet2!$C$2:$C$11) -> Electronics
A3: S002 | B3: 45303 | C3: P002 | D3: Chittagong | E3: 1 | F3: =_xlfn.XLOOKUP(C3,Sheet2!$A$2:$A$11,Sheet2!$B$2:$B$11) -> Wireless Mouse | G3: =_xlfn.XLOOKUP(C3,Sheet2!$A$2:$A$11,Sheet2!$C$2:$C$11) -> Accessories
A4: S003 | B4: 45311 | C4: P003 | D4: Sylhet | E4: 9 | F4: =_xlfn.XLOOKUP(C4,Sheet2!$A$2:$A$11,Sheet2!$B$2:$B$11) -> Office Chair | G4: =_xlfn.XLOOKUP(C4,Sheet2!$A$2:$A$11,Sheet2!$C$2:$C$11) -> Furniture
A5: S004 | B5: 45316 | C5: P004 | D5: Rajshahi | E5: 8 | F5: =_xlfn.XLOOKUP(C5,Sheet2!$A$2:$A$11,Sheet2!$B$2:$B$11) -> Notebook Set | G5: =_xlfn.XLOOKUP(C5,Sheet2!$A$2:$A$11,Sheet2!$C$2:$C$11) -> Stationery
A6: S005 | B6: 45325 | C6: P005 | D6: Khulna | E6: 8 | F6: =_xlfn.XLOOKUP(C6,Sheet2!$A$2:$A$11,Sheet2!$B$2:$B$11) -> USB-C Hub | G6: =_xlfn.XLOOKUP(C6,Sheet2!$A$2:$A$11,Sheet2!$C$2:$C$11) -> Accessories
A7: S006 | B7: 45332 | C7: P006 | D7: Dhaka | E7: 5 | F7: =_xlfn.XLOOKUP(C7,Sheet2!$A$2:$A$11,Sheet2!$B$2:$B$11) -> Standing Desk | G7: =_xlfn.XLOOKUP(C7,Sheet2!$A$2:$A$11,Sheet2!$C$2:$C$11) -> Furniture
A8: S006 | B8: 45332 | C8: P006 | D8: Dhaka | E8: 5 | F8: =_xlfn.XLOOKUP(C8,Sheet2!$A$2:$A$11,Sheet2!$B$2:$B$11) -> Standing Desk | G8: =_xlfn.XLOOKUP(C8,Sheet2!$A$2:$A$11,Sheet2!$C$2:$C$11) -> Furniture
A9: S007 | B9: 45340 | C9: P007 | D9: Chittagong | E9: 4 | F9: =_xlfn.XLOOKUP(C9,Sheet2!$A$2:$A$11,Sheet2!$B$2:$B$11) -> Webcam HD | G9: =_xlfn.XLOOKUP(C9,Sheet2!$A$2:$A$11,Sheet2!$C$2:$C$11) -> Electronics
A10: S009 | B10: 45352 | C10: P009 | D10: Rajshahi | E10: 3 | F10: =_xlfn.XLOOKUP(C10,Sheet2!$A$2:$A$11,Sheet2!$B$2:$B$11) -> Monitor 27" | G10: =_xlfn.XLOOKUP(C10,Sheet2!$A$2:$A$11,Sheet2!$C$2:$C$11) -> Electronics
A11: S010 | B11: 45359 | C11: P010 | D11: Khulna | E11: 19 | F11: =_xlfn.XLOOKUP(C11,Sheet2!$A$2:$A$11,Sheet2!$B$2:$B$11) -> Desk Lamp LED | G11: =_xlfn.XLOOKUP(C11,Sheet2!$A$2:$A$11,Sheet2!$C$2:$C$11) -> Furniture
A12: S011 | B12: 45366 | C12: P001 | D12: Dhaka | E12: 14 | F12: =_xlfn.XLOOKUP(C12,Sheet2!$A$2:$A$11,Sheet2!$B$2:$B$11) -> Laptop Pro | G12: =_xlfn.XLOOKUP(C12,Sheet2!$A$2:$A$11,Sheet2!$C$2:$C$11) -> Electronics
A13: S012 | B13: 45373 | C13: P002 | D13: Chittagong | E13: 2 | F13: =_xlfn.XLOOKUP(C13,Sheet2!$A$2:$A$11,Sheet2!$B$2:$B$11) -> Wireless Mouse | G13: =_xlfn.XLOOKUP(C13,Sheet2!$A$2:$A$11,Sheet2!$C$2:$C$11) -> Accessories
... A41: S041 | B41: 45597 | C41: P001 | D41: Dhaka | E41: 12 | F41: =_xlfn.XLOOKUP(C41,Sheet2!$A$2:$A$11,Sheet2!$B$2:$B$11) -> Laptop Pro | G41: =_xlfn.XLOOKUP(C41,Sheet2!$A$2:$A$11,Sheet2!$C$2:$C$11) -> Electronics

Sheet Sheet2
A1: Product ID | B1: Product Name | C1: Category | D1: Brand | E1: Unit Price (৳)
A2: P001 | B2: Laptop Pro | C2: Electronics | D2: TechBrand | E2: 55000
A3: P002 | B3: Wireless Mouse | C3: Accessories | D3: TechBrand | E3: 1200
A4: P003 | B4: Office Chair | C4: Furniture | D4: ComfortZone | E4: 15000
A5: P004 | B5: Notebook Set | C5: Stationery | D5: WriteRight | E5: 450
A6: P005 | B6: USB-C Hub | C6: Accessories | D6: TechBrand | E6: 3500
A7: P006 | B7: Standing Desk | C7: Furniture | D7: ComfortZone | E7: 28000
A8: P007 | B8: Webcam HD | C8: Electronics | D8: TechBrand | E8: 4500
A9: P008 | B9: Pen Drive 128GB | C9: Accessories | D9: StorePro | E9: 850
A10: P009 | B10: Monitor 27" | C10: Electronics | D10: TechBrand | E10: 32000
A11: P010 | B11: Desk Lamp LED | C11: Furniture | D11: ComfortZone | E11: 2200
