Workbook
Name Slicer_Month: #N/A

Sheet Sheet1
A3: Month | B3: Total Sale | D3: Region | E3: Total Sale | G3: Product Name | H3: Total Sale | J3: Category | K3: Total Sale
A4: Jan | B4: 359800 | D4: Chittagong | E4: 184500 | G4: Desk Lamp LED | H4: 138600 | J4: Accessories | K4: 208400
A5: Feb | B5: 326000 | D5: Dhaka | E5: 4061000 | G5: Laptop Pro | H5: 3025000 | J5: Electronics | K5: 3621500
A6: Mar | B6: 925200 | D6: Khulna | E6: 282100 | G6: Monitor 27" | H6: 448000 | J6: Furniture | K6: 1609600
A7: Apr | B7: 102350 | D7: Rajshahi | E7: 452950 | G7: Notebook Set | H7: 4950 | J7: Stationery | K7: 4950
A8: May | B8: 858600 | D8: Sylhet | E8: 463900 | G8: Office Chair | H8: 435000 | J8: Grand Total | K8: 5444450
A9: Jun | B9: 284100 | D9: Grand Total | E9: 5444450 | G9: Pen Drive 128GB | H9: 28900
A10: Jul | B10: 765350 | G10: Standing Desk | H10: 1036000
A11: Aug | B11: 721600 | G11: USB-C Hub | H11: 143500
A12: Sep | B12: 276000 | G12: Webcam HD | H12: 148500
A13: Oct | B13: 165450 | G13: Wireless Mouse | H13: 36000
A14: Nov | B14: 660000 | G14: Grand Total | H14: 5444450
A15: Grand Total | B15: 5444450

Sheet Sheet2
A1: Sale ID | B1: Month | C1: Date | D1: Product ID | E1: Region | F1: Qty Sold | G1: Product Name | H1: Category | I1: Brand | J1: Total Price
A2: S001 | B2: =TEXT(C2,"mmm") -> Jan | C2: 2024-01-05 | D2: P001 | E2: Dhaka | F2: 4 | G2: {=_xlfn.XLOOKUP(D2,Sheet3!$A$2:$A$11,Sheet3!$B$2:$D$11)} -> Laptop Pro | H2: Electronics | I2: TechBrand | J2: =_xlfn.XLOOKUP(D2,Sheet3!$A$2:$A$11,Sheet3!$E$2:$E$11)*Sheet2!F2 -> 220000
A3: S002 | B3: =TEXT(C3,"mmm") -> Jan | C3: 2024-01-12 | D3: P002 | E3: Chittagong | F3: 1 | G3: {=_xlfn.XLOOKUP(D3,Sheet3!$A$2:$A$11,Sheet3!$B$2:$D$11)} -> Wireless Mouse | H3: Accessories | I3: TechBrand | J3: =_xlfn.XLOOKUP(D3,Sheet3!$A$2:$A$11,Sheet3!$E$2:$E$11)*Sheet2!F3 -> 1200
A4: S003 | B4: =TEXT(C4,"mmm") -> Jan | C4: 2024-01-20 | D4: P003 | E4: Sylhet | F4: 9 | G4: {=_xlfn.XLOOKUP(D4,Sheet3!$A$2:$A$11,Sheet3!$B$2:$D$11)} -> Office Chair | H4: Furniture | I4: ComfortZone | J4: =_xlfn.XLOOKUP(D4,Sheet3!$A$2:$A$11,Sheet3!$E$2:$E$11)*Sheet2!F4 -> 135000
A5: S004 | B5: =TEXT(C5,"mmm") -> Jan | C5: 01/25/2024 | D5: P004 | E5: Rajshahi | F5: 8 | G5: {=_xlfn.XLOOKUP(D5,Sheet3!$A$2:$A$11,Sheet3!$B$2:$D$11)} -> Notebook Set | H5: Stationery | I5: WriteRight | J5: =_xlfn.XLOOKUP(D5,Sheet3!$A$2:$A$11,Sheet3!$E$2:$E$11)*Sheet2!F5 -> 3600
A6: S005 | B6: =TEXT(C6,"mmm") -> Feb | C6: 2024-02-03 | D6: P005 | E6: Khulna | F6: 8 | G6: {=_xlfn.XLOOKUP(D6,Sheet3!$A$2:$A$11,Sheet3!$B$2:$D$11)} -> USB-C Hub | H6: Accessories | I6: TechBrand | J6: =_xlfn.XLOOKUP(D6,Sheet3!$A$2:$A$11,Sheet3!$E$2:$E$11)*Sheet2!F6 -> 28000
A7: S006 | B7: =TEXT(C7,"mmm") -> Feb | C7: 2024-02-10 | D7: P006 | E7: Dhaka | F7: 5 | G7: {=_xlfn.XLOOKUP(D7,Sheet3!$A$2:$A$11,Sheet3!$B$2:$D$11)} -> Standing Desk | H7: Furniture | I7: ComfortZone | J7: =_xlfn.XLOOKUP(D7,Sheet3!$A$2:$A$11,Sheet3!$E$2:$E$11)*Sheet2!F7 -> 140000
A8: S006 | B8: =TEXT(C8,"mmm") -> Feb | C8: 2024-02-10 | D8: P006 | E8: Dhaka | F8: 5 | G8: {=_xlfn.XLOOKUP(D8,Sheet3!$A$2:$A$11,Sheet3!$B$2:$D$11)} -> Standing Desk | H8: Furniture | I8: ComfortZone | J8: =_xlfn.XLOOKUP(D8,Sheet3!$A$2:$A$11,Sheet3!$E$2:$E$11)*Sheet2!F8 -> 140000
A9: S007 | B9: =TEXT(C9,"mmm") -> Feb | C9: 2024-02-18 | D9: P007 | E9: Chittagong | F9: 4 | G9: {=_xlfn.XLOOKUP(D9,Sheet3!$A$2:$A$11,Sheet3!$B$2:$D$11)} -> Webcam HD | H9: Electronics | I9: TechBrand | J9: =_xlfn.XLOOKUP(D9,Sheet3!$A$2:$A$11,Sheet3!$E$2:$E$11)*Sheet2!F9 -> 18000
A10: S009 | B10: =TEXT(C10,"mmm") -> Mar | C10: 2024-03-01 | D10: P009 | E10: Rajshahi | F10: 3 | G10: {=_xlfn.XLOOKUP(D10,Sheet3!$A$2:$A$11,Sheet3!$B$2:$D$11)} -> Monitor 27" | H10: Electronics | I10: TechBrand | J10: =_xlfn.XLOOKUP(D10,Sheet3!$A$2:$A$11,Sheet3!$E$2:$E$11)*Sheet2!F10 -> 96000
A11: S010 | B11: =TEXT(C11,"mmm") -> Mar | C11: 2024-03-08 | D11: P010 | E11: Khulna | F11: 19 | G11: {=_xlfn.XLOOKUP(D11,Sheet3!$A$2:$A$11,Sheet3!$B$2:$D$11)} -> Desk Lamp LED | H11: Furniture | I11: ComfortZone | J11: =_xlfn.XLOOKUP(D11,Sheet3!$A$2:$A$11,Sheet3!$E$2:$E$11)*Sheet2!F11 -> 41800
A12: S011 | B12: =TEXT(C12,"mmm") -> Mar | C12: 2024-03-15 | D12: P001 | E12: Dhaka | F12: 14 | G12: {=_xlfn.XLOOKUP(D12,Sheet3!$A$2:$A$11,Sheet3!$B$2:$D$11)} -> Laptop Pro | H12: Electronics | I12: TechBrand | J12: =_xlfn.XLOOKUP(D12,Sheet3!$A$2:$A$11,Sheet3!$E$2:$E$11)*Sheet2!F12 -> 770000
A13: S012 | B13: =TEXT(C13,"mmm") -> Mar | C13: 2024-03-22 | D13: P002 | E13: Chittagong | F13: 2 | G13: {=_xlfn.XLOOKUP(D13,Sheet3!$A$2:$A$11,Sheet3!$B$2:$D$11)} -> Wireless Mouse | H13: Accessories | I13: TechBrand | J13: =_xlfn.XLOOKUP(D13,Sheet3!$A$2:$A$11,Sheet3!$E$2:$E$11)*Sheet2!F13 -> 2400
... A41: S041 | B41: =TEXT(C41,"mmm") -> Nov | C41: 2024-11-01 | D41: P001 | E41: Dhaka | F41: 12 | G41: {=_xlfn.XLOOKUP(D41,Sheet3!$A$2:$A$11,Sheet3!$B$2:$D$11)} -> Laptop Pro | H41: Electronics | I41: TechBrand | J41: =_xlfn.XLOOKUP(D41,Sheet3!$A$2:$A$11,Sheet3!$E$2:$E$11)*Sheet2!F41 -> 660000

Sheet Sheet3
A1: Product ID | B1: Product Name | C1: Category | D1: Brand | E1: Unit Price (৳)
A2: P001 | B2: Laptop Pro | C2: Electronics | D2: TechBrand | E2: 55000
A3: P002 | B3: Wireless Mouse | C3: Accessories | D3: TechBrand | E3: 1200
A4: P003 | B4: Office Chair | C4: Furniture | D4: ComfortZone | E4: 15000
A5: P004 | B5: Notebook Set | C5: Stationery | D5: WriteRight | E5: 450
A6: P005 | B6: USB-C Hub | C6: Accessories | D6: TechBrand | E6: 3500
A7: P006 | B7: Standing Desk | C7: Furniture | D7: ComfortZone | E7: 28000
A8: P007 | B8: Webcam HD | C8: Electronics | D8: TechBrand | E8: 4500
A9: P008 | B9: Pen Drive 128GB | C9: Accessories | D9: StorePro | E9: 850
A10: P009 | B10: Monitor 27" | C10: Electronics | D10: TechBrand | E10: 32000
A11: P010 | B11: Desk Lamp LED | C11: Furniture | D11: ComfortZone | E11: 2200
